<?xml version="1.0" encoding="UTF-8"?>
<!DOCTYPE configuremap [
<!ELEMENT configuremap (configure)+>
<!ELEMENT configure (#PCDATA)>
<!ATTLIST configure name CDATA #REQUIRED>
<!ATTLIST configure value CDATA #REQUIRED>
]>
<configuremap>
  <configure name="NAME" value="ImageMagick"/>
  <configure name="LIB_VERSION" value="0x70A"/>
  <configure name="LIB_VERSION_NUMBER" value="7,0,10,55"/>
  <configure name="RELEASE_DATE" value="2021-01-03"/>
  <configure name="VERSION" value="7.0.10"/>
  <configure name="CC" value="VS2019"/>
  <configure name="HOST" value="Windows"/>
  <configure name="COPYRIGHT" value="Copyright (C) 1999-2020 ImageMagick Studio LLC"/>
  <configure name="WEBSITE" value="https://imagemagick.org"/>
</configuremap>
